{
  "stats": {
    "js": {
      "fixtureDir": "refers/eslint-plugin-jsdoc/src",
      "fileCount": 86,
      "totalLines": 28741,
      "blockCount": 1170,
      "paramCount": 659,
      "paramWithDescription": 31,
      "paramWithType": 639,
      "emptyTagCount": 0
    },
    "ts": {
      "fixtureDir": "refers/vscode/src",
      "fileCount": 5996,
      "totalLines": 1951540,
      "blockCount": 25238,
      "paramCount": 3471,
      "paramWithDescription": 3411,
      "paramWithType": 2,
      "emptyTagCount": 854
    }
  },
  "results": {
    "js": {
      "combined": {
        "results": [
          {
            "command": "eslint-jsdoc-upstream",
            "mean": 0.7216080451600002,
            "stddev": 0.07923462709069254,
            "median": 0.6980195954600001,
            "user": 0.85996606,
            "system": 0.11175522,
            "min": 0.6789232824600001,
            "max": 0.9449806164600001,
            "times": [
              0.69560082446,
              0.68491286646,
              0.6902957824600001,
              0.71569324046,
              0.7004383664600001,
              0.70392665746,
              0.6789232824600001,
              0.7080229074600001,
              0.9449806164600001,
              0.6932859074600001
            ],
            "exit_codes": [
              1,
              1,
              1,
              1,
              1,
              1,
              1,
              1,
              1,
              1
            ]
          },
          {
            "command": "oxlint-jsdoc-native",
            "mean": 0.23179378236000003,
            "stddev": 0.011498257771076067,
            "median": 0.22800355346,
            "user": 0.07376676000000001,
            "system": 0.02610322,
            "min": 0.22248840746000004,
            "max": 0.25486569846,
            "times": [
              0.25486569846,
              0.25109303246000003,
              0.23046336546000004,
              0.22729703246000002,
              0.22248840746000004,
              0.22437774046000003,
              0.22937486546000002,
              0.22598390746000002,
              0.22871007446000002,
              0.22328369946000004
            ],
            "exit_codes": [
              1,
              1,
              1,
              1,
              1,
              1,
              1,
              1,
              1,
              1
            ]
          },
          {
            "command": "eslint-ox-jsdoc-single",
            "mean": 0.7975530616600001,
            "stddev": 0.030111345106453535,
            "median": 0.8021171154600001,
            "user": 0.9851938599999999,
            "system": 0.12079882,
            "min": 0.74887736546,
            "max": 0.8442784494600001,
            "times": [
              0.7904786164600001,
              0.8196733664600001,
              0.8442784494600001,
              0.8194807824600001,
              0.7659585734600001,
              0.8068226984600001,
              0.81796240746,
              0.74887736546,
              0.7974115324600001,
              0.7645868244600001
            ],
            "exit_codes": [
              1,
              1,
              1,
              1,
              1,
              1,
              1,
              1,
              1,
              1
            ]
          },
          {
            "command": "eslint-ox-jsdoc-batch",
            "mean": 0.7013351241600001,
            "stddev": 0.022032757244714485,
            "median": 0.7023948239600001,
            "user": 0.8514292600000001,
            "system": 0.10642371999999997,
            "min": 0.6682894904600001,
            "max": 0.7384507824600001,
            "times": [
              0.7191230324600001,
              0.6682894904600001,
              0.6908416994600001,
              0.7142074074600001,
              0.7139479484600001,
              0.7146520744600001,
              0.7384507824600001,
              0.6885750324600001,
              0.6899909494600001,
              0.67527282446
            ],
            "exit_codes": [
              1,
              1,
              1,
              1,
              1,
              1,
              1,
              1,
              1,
              1
            ]
          },
          {
            "command": "oxlint-ox-jsdoc-batch",
            "mean": 0.5925527824600001,
            "stddev": 0.01371816878029613,
            "median": 0.5879154904600001,
            "user": 0.68976936,
            "system": 0.08262271999999997,
            "min": 0.5754840734600001,
            "max": 0.61355607446,
            "times": [
              0.5754840734600001,
              0.6090794074600001,
              0.58779269846,
              0.5835728664600001,
              0.61355607446,
              0.5880382824600001,
              0.5802292404600001,
              0.6114612824600001,
              0.59101694946,
              0.5852969494600001
            ],
            "exit_codes": [
              1,
              1,
              1,
              1,
              1,
              1,
              1,
              1,
              1,
              1
            ]
          }
        ]
      }
    },
    "ts": {
      "combined": {
        "results": [
          {
            "command": "eslint-jsdoc-upstream",
            "mean": 40.316034145900005,
            "stddev": 0.9980124432981905,
            "median": 40.4365686547,
            "user": 58.057739100000006,
            "system": 2.39467668,
            "min": 39.0686627587,
            "max": 41.7543075917,
            "times": [
              40.5878648007,
              40.7287248417,
              40.0207705917,
              39.1447440917,
              39.0686627587,
              39.0916900917,
              40.7743246747,
              41.7543075917,
              41.7039795077,
              40.2852725087
            ],
            "exit_codes": [
              1,
              1,
              1,
              1,
              1,
              1,
              1,
              1,
              1,
              1
            ]
          },
          {
            "command": "oxlint-jsdoc-native",
            "mean": 0.43003220410000004,
            "stddev": 0.04099187337008584,
            "median": 0.40727604970000003,
            "user": 0.9383252999999998,
            "system": 0.42505898000000003,
            "min": 0.3933537167,
            "max": 0.5029564667,
            "times": [
              0.5029564667,
              0.4693200917,
              0.41139059170000003,
              0.3933537167,
              0.43971367570000003,
              0.3953011327,
              0.40316150770000003,
              0.4017461747,
              0.4833715087,
              0.4000071747
            ],
            "exit_codes": [
              1,
              1,
              1,
              1,
              1,
              1,
              1,
              1,
              1,
              1
            ]
          },
          {
            "command": "eslint-ox-jsdoc-single",
            "mean": 41.01802149980001,
            "stddev": 0.3724531783810843,
            "median": 41.1244748622,
            "user": 58.5344293,
            "system": 2.6102353799999998,
            "min": 40.4349478417,
            "max": 41.4524762167,
            "times": [
              41.1196530497,
              41.4524762167,
              41.4380950917,
              41.2387738827,
              41.1292966747,
              40.6339192587,
              40.4938689247,
              40.9992625497,
              40.4349478417,
              41.2399215077
            ],